File.accession	File.dataset	File.type	File.format	File.output.type	Assay.term.name	Biosample.term.id	Biosample.term.name	Biosample.type	File.target	Dataset.accession	Dataset.date.released	Project	Lab	md5sum	dbxrefs	File.download.URL	Assembly	File.status	Derived.from	S3.URL	Size
ENCFF003DBZ	ENCSR830IVQ	tsv	tsv	gene quantifications	RNA-seq	UBERON:0002101	limb	tissue	NA	ENCSR574CRQ	2020-06-08	ENCODE	ENCODE Processing Pipeline	c4adc274b9c90f45d9a1a85ee65cc2b5		/files/ENCFF003DBZ/@@download/ENCFF003DBZ.tsv	mm10	released	ENCFF717NFD, ENCFF280MNZ	https://encode-public.s3.amazonaws.com/2016/08/10/49f42cdd-a7f2-4d94-aae3-ee50d61cdf1e/ENCFF003DBZ.tsv	8642028
ENCFF037GWJ	ENCSR004XCU	tsv	tsv	gene quantifications	RNA-seq	UBERON:0001049	neural tube	tissue	NA	ENCSR574CRQ	2020-06-08	ENCODE	ENCODE Processing Pipeline	a221d45912fb28fc326e1f36e19fa5f1		/files/ENCFF037GWJ/@@download/ENCFF037GWJ.tsv	mm10	released	ENCFF717NFD, ENCFF794YIO	https://encode-public.s3.amazonaws.com/2016/08/10/a984bf31-b6c0-44bc-b45d-82bfe1faae27/ENCFF037GWJ.tsv	8632163
ENCFF049EIV	ENCSR115TWD	tsv	tsv	gene quantifications	RNA-seq	UBERON:0001049	neural tube	tissue	NA	ENCSR574CRQ	2020-06-08	ENCODE	ENCODE Processing Pipeline	25ac51704276b88bc44caf51be674eb8		/files/ENCFF049EIV/@@download/ENCFF049EIV.tsv	mm10	released	ENCFF717NFD, ENCFF853NKE	https://encode-public.s3.amazonaws.com/2016/08/10/8888cc3e-4982-4bf8-889a-d4a13cd2685c/ENCFF049EIV.tsv	8623328
ENCFF050PAT	ENCSR290RRR	tsv	tsv	gene quantifications	RNA-seq	UBERON:0000945	stomach	tissue	NA	ENCSR574CRQ	2020-06-08	ENCODE	ENCODE Processing Pipeline	f57e0856da6c0460527c29b3d16e4d10		/files/ENCFF050PAT/@@download/ENCFF050PAT.tsv	mm10	released	ENCFF717NFD, ENCFF137GAE	https://encode-public.s3.amazonaws.com/2016/08/10/9e47050f-7362-401a-bdfc-71e23332480c/ENCFF050PAT.tsv	8625196
ENCFF052DOQ	ENCSR466KZY	tsv	tsv	gene quantifications	RNA-seq	UBERON:0000945	stomach	tissue	NA	ENCSR574CRQ	2020-06-08	ENCODE	ENCODE Processing Pipeline	9f85a2eab3ae2a634ec7e5485b46af27		/files/ENCFF052DOQ/@@download/ENCFF052DOQ.tsv	mm10	released	ENCFF717NFD, ENCFF932QRX	https://encode-public.s3.amazonaws.com/2016/08/10/3fbd184e-38d8-4da3-8477-9ecb0fa42e7d/ENCFF052DOQ.tsv	8626636
ENCFF052THP	ENCSR370SFB	tsv	tsv	gene quantifications	RNA-seq	UBERON:0000160	intestine	tissue	NA	ENCSR574CRQ	2020-06-08	ENCODE	ENCODE Processing Pipeline	c96ab13db48c033fd3dc5f0bdadaf6c2		/files/ENCFF052THP/@@download/ENCFF052THP.tsv	mm10	released	ENCFF717NFD, ENCFF627CPV	https://encode-public.s3.amazonaws.com/2016/08/10/95a5954d-ec5a-4657-b1e8-c8402f707754/ENCFF052THP.tsv	8636233
ENCFF052VJO	ENCSR367ZPZ	tsv	tsv	gene quantifications	RNA-seq	UBERON:0001891	midbrain	tissue	NA	ENCSR574CRQ	2020-06-08	ENCODE	ENCODE Processing Pipeline	1e03550c4abdde34b04080e7503c0995		/files/ENCFF052VJO/@@download/ENCFF052VJO.tsv	mm10	released	ENCFF717NFD, ENCFF182BAY	https://encode-public.s3.amazonaws.com/2016/08/10/a8f4c720-45d0-4c35-987f-b51639906f71/ENCFF052VJO.tsv	8636795
ENCFF070GIC	ENCSR943LKA	tsv	tsv	gene quantifications	RNA-seq	UBERON:0002028	hindbrain	tissue	NA	ENCSR574CRQ	2020-06-08	ENCODE	ENCODE Processing Pipeline	c44030c9233f95e059d4f8c4da8c3a7c		/files/ENCFF070GIC/@@download/ENCFF070GIC.tsv	mm10	released	ENCFF717NFD, ENCFF386IQR	https://encode-public.s3.amazonaws.com/2016/08/04/bee4b8f6-3399-41e8-a808-55c43cf5dc51/ENCFF070GIC.tsv	8641522
ENCFF097IDM	ENCSR943LKA	tsv	tsv	gene quantifications	RNA-seq	UBERON:0002028	hindbrain	tissue	NA	ENCSR574CRQ	2020-06-08	ENCODE	ENCODE Processing Pipeline	3035cd69a1a36ce9ba08a6370cc8ccc2		/files/ENCFF097IDM/@@download/ENCFF097IDM.tsv	mm10	released	ENCFF717NFD, ENCFF015RLF	https://encode-public.s3.amazonaws.com/2016/08/04/bf89e9af-7b52-490b-8dd8-303d4886692b/ENCFF097IDM.tsv	8643485
ENCFF109HTF	ENCSR760TOE	tsv	tsv	gene quantifications	RNA-seq	UBERON:0002028	hindbrain	tissue	NA	ENCSR574CRQ	2020-06-08	ENCODE	ENCODE Processing Pipeline	365ef59765d080cb7fbf965e33b82d29		/files/ENCFF109HTF/@@download/ENCFF109HTF.tsv	mm10	released	ENCFF717NFD, ENCFF783CEI	https://encode-public.s3.amazonaws.com/2016/08/10/e24a6b36-3dd0-4ce3-8347-075b16b6403f/ENCFF109HTF.tsv	8640373
ENCFF111IGW	ENCSR727FHP	tsv	tsv	gene quantifications	RNA-seq	UBERON:0000948	heart	tissue	NA	ENCSR574CRQ	2020-06-08	ENCODE	ENCODE Processing Pipeline	96f57554daf253e2824a375382c4d07a		/files/ENCFF111IGW/@@download/ENCFF111IGW.tsv	mm10	released	ENCFF717NFD, ENCFF924OUV	https://encode-public.s3.amazonaws.com/2016/08/10/6584793d-c51d-4c50-a258-f528a04407e6/ENCFF111IGW.tsv	8632565
ENCFF114YCL	ENCSR370SFB	tsv	tsv	gene quantifications	RNA-seq	UBERON:0000160	intestine	tissue	NA	ENCSR574CRQ	2020-06-08	ENCODE	ENCODE Processing Pipeline	3addd218859eca5524ef8749910fe0fe		/files/ENCFF114YCL/@@download/ENCFF114YCL.tsv	mm10	released	ENCFF717NFD, ENCFF233CIH	https://encode-public.s3.amazonaws.com/2016/08/10/fcffa25a-8fcf-49ae-9f46-b8db52f103f7/ENCFF114YCL.tsv	8642999
ENCFF125TAY	ENCSR150CUE	tsv	tsv	gene quantifications	RNA-seq	UBERON:0000948	heart	tissue	NA	ENCSR574CRQ	2020-06-08	ENCODE	ENCODE Processing Pipeline	d94cec7522d98359ea8356c37ccbc508		/files/ENCFF125TAY/@@download/ENCFF125TAY.tsv	mm10	released	ENCFF717NFD, ENCFF291VKO	https://encode-public.s3.amazonaws.com/2016/08/10/b4b09abf-ee4b-4438-8c09-f0b00f433b6c/ENCFF125TAY.tsv	8640116
ENCFF127FPD	ENCSR049UJU	tsv	tsv	gene quantifications	RNA-seq	UBERON:0000948	heart	tissue	NA	ENCSR574CRQ	2020-06-08	ENCODE	ENCODE Processing Pipeline	c43578d8d8e0fb89f8dca0ef5f977676		/files/ENCFF127FPD/@@download/ENCFF127FPD.tsv	mm10	released	ENCFF717NFD, ENCFF219INX	https://encode-public.s3.amazonaws.com/2016/08/04/18edb46a-4898-4ab6-bd9f-7654c877e3c4/ENCFF127FPD.tsv	8646447
ENCFF129XUH	ENCSR851HEC	tsv	tsv	gene quantifications	RNA-seq	UBERON:0012314	embryonic facial prominence	tissue	NA	ENCSR574CRQ	2020-06-08	ENCODE	ENCODE Processing Pipeline	9905b14907835cb647d5e44edcddc28c		/files/ENCFF129XUH/@@download/ENCFF129XUH.tsv	mm10	released	ENCFF717NFD, ENCFF774FFV	https://encode-public.s3.amazonaws.com/2016/08/10/b2e59564-1c1c-4ca5-8e62-86de4482fea2/ENCFF129XUH.tsv	8640364
ENCFF131WIM	ENCSR921PRX	tsv	tsv	gene quantifications	RNA-seq	UBERON:0002028	hindbrain	tissue	NA	ENCSR574CRQ	2020-06-08	ENCODE	ENCODE Processing Pipeline	9f1df023aae770163e21d98eff1d337f		/files/ENCFF131WIM/@@download/ENCFF131WIM.tsv	mm10	released	ENCFF717NFD, ENCFF674RWH	https://encode-public.s3.amazonaws.com/2016/08/10/5f2d7335-d4fd-40a0-9088-4ddbb40145a6/ENCFF131WIM.tsv	8631744
ENCFF132NQU	ENCSR538WYL	tsv	tsv	gene quantifications	RNA-seq	UBERON:0012314	embryonic facial prominence	tissue	NA	ENCSR574CRQ	2020-06-08	ENCODE	ENCODE Processing Pipeline	27c6f29d39f2d93f8b4a0f3c3bec1995		/files/ENCFF132NQU/@@download/ENCFF132NQU.tsv	mm10	released	ENCFF717NFD, ENCFF567VLB	https://encode-public.s3.amazonaws.com/2016/08/10/da3353c4-b9d4-488e-aca4-df9bc150f70e/ENCFF132NQU.tsv	8631827
ENCFF143HKK	ENCSR096STK	tsv	tsv	gene quantifications	RNA-seq	UBERON:0002107	liver	tissue	NA	ENCSR574CRQ	2020-06-08	ENCODE	ENCODE Processing Pipeline	ac8ac8980341b37831370e405ae244a7		/files/ENCFF143HKK/@@download/ENCFF143HKK.tsv	mm10	released	ENCFF717NFD, ENCFF215IAW	https://encode-public.s3.amazonaws.com/2016/08/10/f87396eb-eaa9-45c3-bad1-9ed4bb7835af/ENCFF143HKK.tsv	8644630
ENCFF143OJZ	ENCSR537GNQ	tsv	tsv	gene quantifications	RNA-seq	UBERON:0002113	kidney	tissue	NA	ENCSR574CRQ	2020-06-08	ENCODE	ENCODE Processing Pipeline	ce1ed0b9d5891bd05e9f04bc074cfeef		/files/ENCFF143OJZ/@@download/ENCFF143OJZ.tsv	mm10	released	ENCFF717NFD, ENCFF051QCQ	https://encode-public.s3.amazonaws.com/2016/08/10/4cfcbc9c-897d-40e2-a4c2-57e613ac3844/ENCFF143OJZ.tsv	8643085
ENCFF146HIO	ENCSR851HEC	tsv	tsv	gene quantifications	RNA-seq	UBERON:0012314	embryonic facial prominence	tissue	NA	ENCSR574CRQ	2020-06-08	ENCODE	ENCODE Processing Pipeline	60303c6228cb45d1f372b4cf48e075bf		/files/ENCFF146HIO/@@download/ENCFF146HIO.tsv	mm10	released	ENCFF717NFD, ENCFF267JUW	https://encode-public.s3.amazonaws.com/2016/08/10/9b2c82f7-1957-4792-b1ee-ab2737ab77f4/ENCFF146HIO.tsv	8629837
ENCFF155GNG	ENCSR526SEX	tsv	tsv	gene quantifications	RNA-seq	UBERON:0000948	heart	tissue	NA	ENCSR574CRQ	2020-06-08	ENCODE	ENCODE Processing Pipeline	189be6bcdcedd67d4210f679e1d075a4		/files/ENCFF155GNG/@@download/ENCFF155GNG.tsv	mm10	released	ENCFF717NFD, ENCFF741AQZ	https://encode-public.s3.amazonaws.com/2016/08/10/d0fe98f9-9ae6-4b64-b93a-eeb3b48a362c/ENCFF155GNG.tsv	8648685
ENCFF168CVY	ENCSR908JWT	tsv	tsv	gene quantifications	RNA-seq	UBERON:0001891	midbrain	tissue	NA	ENCSR574CRQ	2020-06-08	ENCODE	ENCODE Processing Pipeline	e7781f1d938ed969e7aed71e4c4be062		/files/ENCFF168CVY/@@download/ENCFF168CVY.tsv	mm10	released	ENCFF717NFD, ENCFF909EXX	https://encode-public.s3.amazonaws.com/2016/08/10/b089081d-86cd-4afd-af12-3d6b9dec44b0/ENCFF168CVY.tsv	8632897
ENCFF184ZAV	ENCSR420QTO	tsv	tsv	gene quantifications	RNA-seq	UBERON:0002028	hindbrain	tissue	NA	ENCSR574CRQ	2020-06-08	ENCODE	ENCODE Processing Pipeline	c10b6fce3f4a324eae06777d5b7d41f9		/files/ENCFF184ZAV/@@download/ENCFF184ZAV.tsv	mm10	released	ENCFF717NFD, ENCFF176LUL	https://encode-public.s3.amazonaws.com/2016/08/10/7a0b6e86-9f90-48f5-89e7-631e082332d4/ENCFF184ZAV.tsv	8633167
ENCFF195JHC	ENCSR541XZK	tsv	tsv	gene quantifications	RNA-seq	UBERON:0002101	limb	tissue	NA	ENCSR574CRQ	2020-06-08	ENCODE	ENCODE Processing Pipeline	4d37fbcd2322f235f9a1de02b7b59c6b		/files/ENCFF195JHC/@@download/ENCFF195JHC.tsv	mm10	released	ENCFF717NFD, ENCFF099GEQ	https://encode-public.s3.amazonaws.com/2016/08/10/d4096183-6154-4288-a4f7-33ac566d79a0/ENCFF195JHC.tsv	8647988
ENCFF196WAD	ENCSR792RJV	tsv	tsv	gene quantifications	RNA-seq	UBERON:0001891	midbrain	tissue	NA	ENCSR574CRQ	2020-06-08	ENCODE	ENCODE Processing Pipeline	a864aea0561792c5b526a15e4a0fc6ed		/files/ENCFF196WAD/@@download/ENCFF196WAD.tsv	mm10	released	ENCFF717NFD, ENCFF837NSQ	https://encode-public.s3.amazonaws.com/2016/08/10/7c962f03-d808-4f91-b613-24d069cf9a38/ENCFF196WAD.tsv	8641317
ENCFF206KRT	ENCSR559TRB	tsv	tsv	gene quantifications	RNA-seq	UBERON:0002028	hindbrain	tissue	NA	ENCSR574CRQ	2020-06-08	ENCODE	ENCODE Processing Pipeline	bc118a5a358f01f2a26b89cb71c4a60a		/files/ENCFF206KRT/@@download/ENCFF206KRT.tsv	mm10	released	ENCFF717NFD, ENCFF209DYJ	https://encode-public.s3.amazonaws.com/2016/08/10/e5bd8c9c-375b-40e9-83f6-ece8ed437e8c/ENCFF206KRT.tsv	8633830
ENCFF210MWH	ENCSR719NAJ	tsv	tsv	gene quantifications	RNA-seq	UBERON:0001891	midbrain	tissue	NA	ENCSR574CRQ	2020-06-08	ENCODE	ENCODE Processing Pipeline	420e5f3f10247356b79893a9f17dfe04		/files/ENCFF210MWH/@@download/ENCFF210MWH.tsv	mm10	released	ENCFF717NFD, ENCFF586CUB	https://encode-public.s3.amazonaws.com/2016/08/10/349c0dbe-e772-4130-ac4f-3aa13fffc9c6/ENCFF210MWH.tsv	8639312
ENCFF211ELX	ENCSR285WZV	tsv	tsv	gene quantifications	RNA-seq	UBERON:0002028	hindbrain	tissue	NA	ENCSR574CRQ	2020-06-08	ENCODE	ENCODE Processing Pipeline	121806b53df5f7eb49028d2595605d87		/files/ENCFF211ELX/@@download/ENCFF211ELX.tsv	mm10	released	ENCFF717NFD, ENCFF302DWF	https://encode-public.s3.amazonaws.com/2016/08/10/0a06ec29-7d15-477e-86c1-3c8a1423e1c0/ENCFF211ELX.tsv	8640605
ENCFF219PVC	ENCSR597UZW	tsv	tsv	gene quantifications	RNA-seq	UBERON:0000948	heart	tissue	NA	ENCSR574CRQ	2020-06-08	ENCODE	ENCODE Processing Pipeline	9c4c74860709f3d4c476639af51ae2ae		/files/ENCFF219PVC/@@download/ENCFF219PVC.tsv	mm10	released	ENCFF717NFD, ENCFF941YNJ	https://encode-public.s3.amazonaws.com/2016/08/10/c1ce91b0-c018-4505-a54f-e33f0b0c3438/ENCFF219PVC.tsv	8639800
ENCFF226ILJ	ENCSR039ADS	tsv	tsv	gene quantifications	RNA-seq	UBERON:0002048	lung	tissue	NA	ENCSR574CRQ	2020-06-08	ENCODE	ENCODE Processing Pipeline	1b9e972ca0f398916b22c7d7acc4c721		/files/ENCFF226ILJ/@@download/ENCFF226ILJ.tsv	mm10	released	ENCFF717NFD, ENCFF053MNT	https://encode-public.s3.amazonaws.com/2016/08/10/7d148221-6195-48d2-943a-06b3395fc906/ENCFF226ILJ.tsv	8639404
ENCFF226IWR	ENCSR691OPQ	tsv	tsv	gene quantifications	RNA-seq	UBERON:0000948	heart	tissue	NA	ENCSR574CRQ	2020-06-08	ENCODE	ENCODE Processing Pipeline	c75e3723d8a77a644dfa9ddf527c8c61		/files/ENCFF226IWR/@@download/ENCFF226IWR.tsv	mm10	released	ENCFF717NFD, ENCFF172GTL	https://encode-public.s3.amazonaws.com/2016/08/10/e1b3c7a2-445a-4ba5-b559-afeb7ebdabb7/ENCFF226IWR.tsv	8640521
ENCFF227HKF	ENCSR970EWM	tsv	tsv	gene quantifications	RNA-seq	UBERON:0001890	forebrain	tissue	NA	ENCSR574CRQ	2020-06-08	ENCODE	ENCODE Processing Pipeline	7191dd18ced61122c499522cdc977435		/files/ENCFF227HKF/@@download/ENCFF227HKF.tsv	mm10	released	ENCFF717NFD, ENCFF764QQH	https://encode-public.s3.amazonaws.com/2016/08/10/8c994391-4d2d-4d0c-9a4f-062911b2fff5/ENCFF227HKF.tsv	8640347
ENCFF228SAS	ENCSR932TRU	tsv	tsv	gene quantifications	RNA-seq	UBERON:0000160	intestine	tissue	NA	ENCSR574CRQ	2020-06-08	ENCODE	ENCODE Processing Pipeline	de88bf7d288f9857bba5956468444018		/files/ENCFF228SAS/@@download/ENCFF228SAS.tsv	mm10	released	ENCFF717NFD, ENCFF928BKD	https://encode-public.s3.amazonaws.com/2016/08/10/214b77f5-504b-4b84-94e6-f72dd83dc929/ENCFF228SAS.tsv	8636573
ENCFF242GMD	ENCSR284YKY	tsv	tsv	gene quantifications	RNA-seq	UBERON:0000948	heart	tissue	NA	ENCSR574CRQ	2020-06-08	ENCODE	ENCODE Processing Pipeline	d8d69ad4a1f13aab08522c0ad5b2ad5e		/files/ENCFF242GMD/@@download/ENCFF242GMD.tsv	mm10	released	ENCFF717NFD, ENCFF058ZSG	https://encode-public.s3.amazonaws.com/2016/08/10/8135f8b0-edbb-44bc-afa5-39b751d7203b/ENCFF242GMD.tsv	8639810
ENCFF262TXH	ENCSR848HOX	tsv	tsv	gene quantifications	RNA-seq	UBERON:0012314	embryonic facial prominence	tissue	NA	ENCSR574CRQ	2020-06-08	ENCODE	ENCODE Processing Pipeline	b3723eda50d03eefabc0eacbf2b0d0eb		/files/ENCFF262TXH/@@download/ENCFF262TXH.tsv	mm10	released	ENCFF717NFD, ENCFF872IAU	https://encode-public.s3.amazonaws.com/2016/08/10/f9687509-eb58-4e32-87b1-6391aed90604/ENCFF262TXH.tsv	8637928
ENCFF278PAQ	ENCSR848GST	tsv	tsv	gene quantifications	RNA-seq	UBERON:0000160	intestine	tissue	NA	ENCSR574CRQ	2020-06-08	ENCODE	ENCODE Processing Pipeline	a1753c2b920af9b20eac2f47f6907df7		/files/ENCFF278PAQ/@@download/ENCFF278PAQ.tsv	mm10	released	ENCFF717NFD, ENCFF950UGH	https://encode-public.s3.amazonaws.com/2016/08/10/8dfce376-b5b5-4961-ba40-868af04accef/ENCFF278PAQ.tsv	8644770
ENCFF288JNN	ENCSR466KZY	tsv	tsv	gene quantifications	RNA-seq	UBERON:0000945	stomach	tissue	NA	ENCSR574CRQ	2020-06-08	ENCODE	ENCODE Processing Pipeline	f7ce339e4d8848f6e13323e3bb6155c7		/files/ENCFF288JNN/@@download/ENCFF288JNN.tsv	mm10	released	ENCFF717NFD, ENCFF145QNX	https://encode-public.s3.amazonaws.com/2016/08/10/ee929f03-ea6b-4e25-99c6-b448b92fcefa/ENCFF288JNN.tsv	8641876
ENCFF298WHK	ENCSR337FYI	tsv	tsv	gene quantifications	RNA-seq	UBERON:0001049	neural tube	tissue	NA	ENCSR574CRQ	2020-06-08	ENCODE	ENCODE Processing Pipeline	842ad4cea342be6bbe3c8440df966c72		/files/ENCFF298WHK/@@download/ENCFF298WHK.tsv	mm10	released	ENCFF717NFD, ENCFF497FSO	https://encode-public.s3.amazonaws.com/2016/08/10/e2fc8428-8163-4441-a648-6d3ff5dbab64/ENCFF298WHK.tsv	8635466
ENCFF302TQO	ENCSR304RDL	tsv	tsv	gene quantifications	RNA-seq	UBERON:0001890	forebrain	tissue	NA	ENCSR574CRQ	2020-06-08	ENCODE	ENCODE Processing Pipeline	669cd678d3be08446edd0787879f2a8a		/files/ENCFF302TQO/@@download/ENCFF302TQO.tsv	mm10	released	ENCFF717NFD, ENCFF832FEC	https://encode-public.s3.amazonaws.com/2016/08/04/02b60049-4bd1-4447-b308-bd83776340cc/ENCFF302TQO.tsv	8645668
ENCFF319WZT	ENCSR438XCG	tsv	tsv	gene quantifications	RNA-seq	UBERON:0002370	thymus	tissue	NA	ENCSR574CRQ	2020-06-08	ENCODE	ENCODE Processing Pipeline	1169652b6b30039c6d8928a17ef6b999		/files/ENCFF319WZT/@@download/ENCFF319WZT.tsv	mm10	released	ENCFF717NFD, ENCFF035PQM	https://encode-public.s3.amazonaws.com/2016/08/10/a8d4978d-bfe0-410a-a473-384f191baf1c/ENCFF319WZT.tsv	8643597
ENCFF336VTP	ENCSR448MXQ	tsv	tsv	gene quantifications	RNA-seq	UBERON:0002107	liver	tissue	NA	ENCSR574CRQ	2020-06-08	ENCODE	ENCODE Processing Pipeline	8e9a7f7de813712bbece491a7f63f52a		/files/ENCFF336VTP/@@download/ENCFF336VTP.tsv	mm10	released	ENCFF717NFD, ENCFF185DEA	https://encode-public.s3.amazonaws.com/2016/08/10/ad0a1867-6484-4952-9d5e-e2a77233428c/ENCFF336VTP.tsv	8647374
ENCFF338ZXD	ENCSR401BSG	tsv	tsv	gene quantifications	RNA-seq	UBERON:0002028	hindbrain	tissue	NA	ENCSR574CRQ	2020-06-08	ENCODE	ENCODE Processing Pipeline	812b96cd14954d1e464fe119c3cd419b		/files/ENCFF338ZXD/@@download/ENCFF338ZXD.tsv	mm10	released	ENCFF717NFD, ENCFF382OHM	https://encode-public.s3.amazonaws.com/2016/08/10/456c5a78-24fe-4daa-afb6-bfb6ddf6bb48/ENCFF338ZXD.tsv	8641685
ENCFF340XFQ	ENCSR752RGN	tsv	tsv	gene quantifications	RNA-seq	UBERON:0001890	forebrain	tissue	NA	ENCSR574CRQ	2020-06-08	ENCODE	ENCODE Processing Pipeline	658ec189168e69f88b3eb946ea4fdaba		/files/ENCFF340XFQ/@@download/ENCFF340XFQ.tsv	mm10	released	ENCFF717NFD, ENCFF391OXV	https://encode-public.s3.amazonaws.com/2016/08/10/e11719bc-3d5c-40ac-b868-d9fffe709d47/ENCFF340XFQ.tsv	8637407
ENCFF347HOK	ENCSR062VTB	tsv	tsv	gene quantifications	RNA-seq	UBERON:0002113	kidney	tissue	NA	ENCSR574CRQ	2020-06-08	ENCODE	ENCODE Processing Pipeline	1f607c7639a5bb8153c2577d8499a703		/files/ENCFF347HOK/@@download/ENCFF347HOK.tsv	mm10	released	ENCFF717NFD, ENCFF331HMH	https://encode-public.s3.amazonaws.com/2016/08/10/f0ca48bf-bd53-4d97-a431-f9e35b3739c3/ENCFF347HOK.tsv	8640731
ENCFF355MOU	ENCSR906YQZ	tsv	tsv	gene quantifications	RNA-seq	UBERON:0000945	stomach	tissue	NA	ENCSR574CRQ	2020-06-08	ENCODE	ENCODE Processing Pipeline	e0058e7e556d3249ba44266d5b6aad00		/files/ENCFF355MOU/@@download/ENCFF355MOU.tsv	mm10	released	ENCFF717NFD, ENCFF301CII	https://encode-public.s3.amazonaws.com/2016/08/10/b8c63067-1b0d-4e72-b3c6-e4a03025071b/ENCFF355MOU.tsv	8643301
ENCFF356QFG	ENCSR438XCG	tsv	tsv	gene quantifications	RNA-seq	UBERON:0002370	thymus	tissue	NA	ENCSR574CRQ	2020-06-08	ENCODE	ENCODE Processing Pipeline	22a3607454ec89c717d41612ecdde004		/files/ENCFF356QFG/@@download/ENCFF356QFG.tsv	mm10	released	ENCFF717NFD, ENCFF776AZD	https://encode-public.s3.amazonaws.com/2016/08/10/24a41ae0-ef88-40db-bda4-088db1d68cd8/ENCFF356QFG.tsv	8639316
ENCFF358WYS	ENCSR347SQR	tsv	tsv	gene quantifications	RNA-seq	UBERON:0002101	limb	tissue	NA	ENCSR574CRQ	2020-06-08	ENCODE	ENCODE Processing Pipeline	43b97b2d3ad4b9f8dfd957e3e81ae37f		/files/ENCFF358WYS/@@download/ENCFF358WYS.tsv	mm10	released	ENCFF717NFD, ENCFF053MOM	https://encode-public.s3.amazonaws.com/2016/08/10/cb279629-f957-4b8c-8091-e8ce745d4848/ENCFF358WYS.tsv	8632992
ENCFF359ZOA	ENCSR307BCA	tsv	tsv	gene quantifications	RNA-seq	UBERON:0001891	midbrain	tissue	NA	ENCSR574CRQ	2020-06-08	ENCODE	ENCODE Processing Pipeline	d36e27995759821bf990b9796db2a2bc		/files/ENCFF359ZOA/@@download/ENCFF359ZOA.tsv	mm10	released	ENCFF717NFD, ENCFF542VFL	https://encode-public.s3.amazonaws.com/2016/08/10/0e6b2e9a-7a57-46b3-b44e-70e5c2b8f695/ENCFF359ZOA.tsv	8646937
ENCFF365DLM	ENCSR004XCU	tsv	tsv	gene quantifications	RNA-seq	UBERON:0001049	neural tube	tissue	NA	ENCSR574CRQ	2020-06-08	ENCODE	ENCODE Processing Pipeline	e325f6bd433dd0f4f5e4410290e5f2ee		/files/ENCFF365DLM/@@download/ENCFF365DLM.tsv	mm10	released	ENCFF717NFD, ENCFF137PJG	https://encode-public.s3.amazonaws.com/2016/08/10/477e85c1-e079-47f3-80b5-e194e46f31e2/ENCFF365DLM.tsv	8639294
ENCFF365SND	ENCSR992WBR	tsv	tsv	gene quantifications	RNA-seq	UBERON:0002048	lung	tissue	NA	ENCSR574CRQ	2020-06-08	ENCODE	ENCODE Processing Pipeline	2375d9befb9d4d9890694ac7e21eafe3		/files/ENCFF365SND/@@download/ENCFF365SND.tsv	mm10	released	ENCFF717NFD, ENCFF840MJZ	https://encode-public.s3.amazonaws.com/2016/08/10/6deaa6db-8db7-430b-b947-287721366fc6/ENCFF365SND.tsv	8629266
ENCFF369TLJ	ENCSR636CWO	tsv	tsv	gene quantifications	RNA-seq	UBERON:0012314	embryonic facial prominence	tissue	NA	ENCSR574CRQ	2020-06-08	ENCODE	ENCODE Processing Pipeline	d7652ce7b52b98f93229ed4bd74f5a0e		/files/ENCFF369TLJ/@@download/ENCFF369TLJ.tsv	mm10	released	ENCFF717NFD, ENCFF148TDW	https://encode-public.s3.amazonaws.com/2016/08/10/0a1f5e52-1f98-4a95-906e-4e7792f577dd/ENCFF369TLJ.tsv	8633403
ENCFF370UDF	ENCSR823VEE	tsv	tsv	gene quantifications	RNA-seq	UBERON:0012314	embryonic facial prominence	tissue	NA	ENCSR574CRQ	2020-06-08	ENCODE	ENCODE Processing Pipeline	3ddbf2a2a1804153e01310314fda7358		/files/ENCFF370UDF/@@download/ENCFF370UDF.tsv	mm10	released	ENCFF717NFD, ENCFF336FIS	https://encode-public.s3.amazonaws.com/2016/08/10/f7d94c03-9c3b-45aa-b754-55a415ca8975/ENCFF370UDF.tsv	8635428
ENCFF375JDR	ENCSR337FYI	tsv	tsv	gene quantifications	RNA-seq	UBERON:0001049	neural tube	tissue	NA	ENCSR574CRQ	2020-06-08	ENCODE	ENCODE Processing Pipeline	52f40f538f12381a5a0e1b16ea913c38		/files/ENCFF375JDR/@@download/ENCFF375JDR.tsv	mm10	released	ENCFF717NFD, ENCFF677GMU	https://encode-public.s3.amazonaws.com/2016/08/10/a47cb502-395e-437a-a6b0-3e28bd3cc504/ENCFF375JDR.tsv	8633565
ENCFF385MJV	ENCSR772FQU	tsv	tsv	gene quantifications	RNA-seq	UBERON:0001255	urinary bladder	tissue	NA	ENCSR574CRQ	2020-06-08	ENCODE	ENCODE Processing Pipeline	aa9b294b5d4cec52789c1f07b4fe764e		/files/ENCFF385MJV/@@download/ENCFF385MJV.tsv	mm10	released	ENCFF717NFD, ENCFF217XLM	https://encode-public.s3.amazonaws.com/2016/08/10/84b40ca3-3607-4d65-880b-e56f785c1840/ENCFF385MJV.tsv	8643976
ENCFF390KQM	ENCSR908JWT	tsv	tsv	gene quantifications	RNA-seq	UBERON:0001891	midbrain	tissue	NA	ENCSR574CRQ	2020-06-08	ENCODE	ENCODE Processing Pipeline	e9a41fabd630f636420a99a00cfbe612		/files/ENCFF390KQM/@@download/ENCFF390KQM.tsv	mm10	released	ENCFF717NFD, ENCFF918NMB	https://encode-public.s3.amazonaws.com/2016/08/10/0af08381-ca62-4e9b-b2ca-584a3c884b07/ENCFF390KQM.tsv	8640105
ENCFF393ZAF	ENCSR647QBV	tsv	tsv	gene quantifications	RNA-seq	UBERON:0001890	forebrain	tissue	NA	ENCSR574CRQ	2020-06-08	ENCODE	ENCODE Processing Pipeline	c11736f77fe787e22eae3afe5005bbbc		/files/ENCFF393ZAF/@@download/ENCFF393ZAF.tsv	mm10	released	ENCFF717NFD, ENCFF966SFJ	https://encode-public.s3.amazonaws.com/2016/08/10/2be5dffc-1a06-494a-9920-2e67848810a9/ENCFF393ZAF.tsv	8637252
ENCFF395LAH	ENCSR401BSG	tsv	tsv	gene quantifications	RNA-seq	UBERON:0002028	hindbrain	tissue	NA	ENCSR574CRQ	2020-06-08	ENCODE	ENCODE Processing Pipeline	dcec98d2b8d6bf16cdddb6b5302fd1ac		/files/ENCFF395LAH/@@download/ENCFF395LAH.tsv	mm10	released	ENCFF717NFD, ENCFF482AGU	https://encode-public.s3.amazonaws.com/2016/08/10/c8b43775-9ae5-4b27-be36-b71d22815336/ENCFF395LAH.tsv	8638129
ENCFF399HJB	ENCSR968QHO	tsv	tsv	gene quantifications	RNA-seq	UBERON:0002101	limb	tissue	NA	ENCSR574CRQ	2020-06-08	ENCODE	ENCODE Processing Pipeline	16618519fb6d1d2a11142c3efccee659		/files/ENCFF399HJB/@@download/ENCFF399HJB.tsv	mm10	released	ENCFF717NFD, ENCFF179MZT	https://encode-public.s3.amazonaws.com/2016/08/04/3657c78a-63da-4ee0-8526-864d2f861b71/ENCFF399HJB.tsv	8646520
ENCFF402XKL	ENCSR667TOX	tsv	tsv	gene quantifications	RNA-seq	UBERON:0001049	neural tube	tissue	NA	ENCSR574CRQ	2020-06-08	ENCODE	ENCODE Processing Pipeline	2038075829323be13c2c24b17e8ac821		/files/ENCFF402XKL/@@download/ENCFF402XKL.tsv	mm10	released	ENCFF717NFD, ENCFF478MAW	https://encode-public.s3.amazonaws.com/2016/08/10/bdcc4155-d4a6-4f2a-ab83-df10700b8cb9/ENCFF402XKL.tsv	8626770
ENCFF413BXV	ENCSR304RDL	tsv	tsv	gene quantifications	RNA-seq	UBERON:0001890	forebrain	tissue	NA	ENCSR574CRQ	2020-06-08	ENCODE	ENCODE Processing Pipeline	b9b7d200cfb1db986e2e92ea19504ae1		/files/ENCFF413BXV/@@download/ENCFF413BXV.tsv	mm10	released	ENCFF717NFD, ENCFF919TMT	https://encode-public.s3.amazonaws.com/2016/08/04/fc570e01-9573-465e-bf4f-aad7eb2a5489/ENCFF413BXV.tsv	8644450
ENCFF413OJO	ENCSR504GEG	tsv	tsv	gene quantifications	RNA-seq	UBERON:0002113	kidney	tissue	NA	ENCSR574CRQ	2020-06-08	ENCODE	ENCODE Processing Pipeline	ec4e940c71912f281e56eeedb3f83178		/files/ENCFF413OJO/@@download/ENCFF413OJO.tsv	mm10	released	ENCFF717NFD, ENCFF490QOH	https://encode-public.s3.amazonaws.com/2016/08/10/2e98b00a-e432-40ea-868c-d4f2da2bedf4/ENCFF413OJO.tsv	8631671
ENCFF415JBI	ENCSR020DGG	tsv	tsv	gene quantifications	RNA-seq	UBERON:0000948	heart	tissue	NA	ENCSR574CRQ	2020-06-08	ENCODE	ENCODE Processing Pipeline	2f8bb094c4173e725e98df60c9ad9285		/files/ENCFF415JBI/@@download/ENCFF415JBI.tsv	mm10	released	ENCFF717NFD, ENCFF149FUA	https://encode-public.s3.amazonaws.com/2016/08/10/4b3290e6-0eb0-4d59-85cf-6cf707fc020c/ENCFF415JBI.tsv	8638529
ENCFF421TRR	ENCSR764OPZ	tsv	tsv	gene quantifications	RNA-seq	UBERON:0001891	midbrain	tissue	NA	ENCSR574CRQ	2020-06-08	ENCODE	ENCODE Processing Pipeline	342040ad060fab7c5acabb19c6b56b6f		/files/ENCFF421TRR/@@download/ENCFF421TRR.tsv	mm10	released	ENCFF717NFD, ENCFF707ILK	https://encode-public.s3.amazonaws.com/2016/08/04/aec526f1-7cce-4528-beba-781f9a5d5ee5/ENCFF421TRR.tsv	8652250
ENCFF422BJI	ENCSR792RJV	tsv	tsv	gene quantifications	RNA-seq	UBERON:0001891	midbrain	tissue	NA	ENCSR574CRQ	2020-06-08	ENCODE	ENCODE Processing Pipeline	9c8f9626972403fde50f9a59c6b96aae		/files/ENCFF422BJI/@@download/ENCFF422BJI.tsv	mm10	released	ENCFF717NFD, ENCFF404QGI	https://encode-public.s3.amazonaws.com/2016/08/10/95114c14-db03-434d-8cdf-4cb019c5e41b/ENCFF422BJI.tsv	8632601
ENCFF432ZGG	ENCSR867YNV	tsv	tsv	gene quantifications	RNA-seq	UBERON:0002107	liver	tissue	NA	ENCSR574CRQ	2020-06-08	ENCODE	ENCODE Processing Pipeline	c49b408a57fe970afeae7902da1ed0dc		/files/ENCFF432ZGG/@@download/ENCFF432ZGG.tsv	mm10	released	ENCFF717NFD, ENCFF232TDZ	https://encode-public.s3.amazonaws.com/2016/08/10/65309f85-8ad4-4ac9-990d-2d2f8463784b/ENCFF432ZGG.tsv	8652366
ENCFF434XNZ	ENCSR178GUS	tsv	tsv	gene quantifications	RNA-seq	UBERON:0000945	stomach	tissue	NA	ENCSR574CRQ	2020-06-08	ENCODE	ENCODE Processing Pipeline	252177d0792f2cc8dace8335196d4a41		/files/ENCFF434XNZ/@@download/ENCFF434XNZ.tsv	mm10	released	ENCFF717NFD, ENCFF375WZS	https://encode-public.s3.amazonaws.com/2016/08/10/5474ac3f-1982-4392-9c01-6251447c3c13/ENCFF434XNZ.tsv	8642365
ENCFF440PWB	ENCSR597UZW	tsv	tsv	gene quantifications	RNA-seq	UBERON:0000948	heart	tissue	NA	ENCSR574CRQ	2020-06-08	ENCODE	ENCODE Processing Pipeline	648a79a8f9c1025ee89f248c43aa1a46		/files/ENCFF440PWB/@@download/ENCFF440PWB.tsv	mm10	released	ENCFF717NFD, ENCFF758HDG	https://encode-public.s3.amazonaws.com/2016/08/10/cf1ccf94-a1d6-45f8-bca9-675d75473d06/ENCFF440PWB.tsv	8643298
ENCFF443JRH	ENCSR848GST	tsv	tsv	gene quantifications	RNA-seq	UBERON:0000160	intestine	tissue	NA	ENCSR574CRQ	2020-06-08	ENCODE	ENCODE Processing Pipeline	dac4e1d0bc6bca550bb3825bd8159cc6		/files/ENCFF443JRH/@@download/ENCFF443JRH.tsv	mm10	released	ENCFF717NFD, ENCFF124MEG	https://encode-public.s3.amazonaws.com/2016/08/10/e6ed90e3-410b-4388-82dd-f4046fa5b927/ENCFF443JRH.tsv	8643827
ENCFF449QSP	ENCSR750YSX	tsv	tsv	gene quantifications	RNA-seq	UBERON:0002101	limb	tissue	NA	ENCSR574CRQ	2020-06-08	ENCODE	ENCODE Processing Pipeline	7bd7442249d0c817cb6a0972ddc2acdb		/files/ENCFF449QSP/@@download/ENCFF449QSP.tsv	mm10	released	ENCFF717NFD, ENCFF620CYA	https://encode-public.s3.amazonaws.com/2016/08/10/d91677b4-824a-4770-b262-655b00c1c83f/ENCFF449QSP.tsv	8634385
ENCFF453GZG	ENCSR343YLB	tsv	tsv	gene quantifications	RNA-seq	UBERON:0001891	midbrain	tissue	NA	ENCSR574CRQ	2020-06-08	ENCODE	ENCODE Processing Pipeline	580be076c25f58b644ce16450d0c52af		/files/ENCFF453GZG/@@download/ENCFF453GZG.tsv	mm10	released	ENCFF717NFD, ENCFF801YNO	https://encode-public.s3.amazonaws.com/2016/08/10/858fa366-5093-4106-b817-2e1d663ed896/ENCFF453GZG.tsv	8632969
ENCFF457ZGF	ENCSR541XZK	tsv	tsv	gene quantifications	RNA-seq	UBERON:0002101	limb	tissue	NA	ENCSR574CRQ	2020-06-08	ENCODE	ENCODE Processing Pipeline	c25f54232cc6623359c105db09fc7ad2		/files/ENCFF457ZGF/@@download/ENCFF457ZGF.tsv	mm10	released	ENCFF717NFD, ENCFF258YWQ	https://encode-public.s3.amazonaws.com/2016/08/10/52dd2d64-edd9-4baa-8717-0af893edd26f/ENCFF457ZGF.tsv	8641096
ENCFF465SNB	ENCSR160IIN	tsv	tsv	gene quantifications	RNA-seq	UBERON:0001890	forebrain	tissue	NA	ENCSR574CRQ	2020-06-08	ENCODE	ENCODE Processing Pipeline	0398ec2240a2ba1ff321f32fb986384b		/files/ENCFF465SNB/@@download/ENCFF465SNB.tsv	mm10	released	ENCFF717NFD, ENCFF426UOG	https://encode-public.s3.amazonaws.com/2016/08/10/be9aa1af-78d3-4293-9b36-3d1a08b398f0/ENCFF465SNB.tsv	8630378
ENCFF465YOS	ENCSR739PEB	tsv	tsv	gene quantifications	RNA-seq	UBERON:0002369	adrenal gland	tissue	NA	ENCSR574CRQ	2020-06-08	ENCODE	ENCODE Processing Pipeline	9277ac793ae1285e953f409dfd1f87d4		/files/ENCFF465YOS/@@download/ENCFF465YOS.tsv	mm10	released	ENCFF717NFD, ENCFF077IZN	https://encode-public.s3.amazonaws.com/2016/08/10/3da1298a-7c61-4d3e-9e5e-cbcef0bf05a9/ENCFF465YOS.tsv	8644586
ENCFF480GNL	ENCSR946HWC	tsv	tsv	gene quantifications	RNA-seq	UBERON:0001134	skeletal muscle tissue	tissue	NA	ENCSR574CRQ	2020-06-08	ENCODE	ENCODE Processing Pipeline	3e6a6a7310d70a78391e7532a6f432ce		/files/ENCFF480GNL/@@download/ENCFF480GNL.tsv	mm10	released	ENCFF717NFD, ENCFF485QEA	https://encode-public.s3.amazonaws.com/2016/08/10/a63d0379-ff41-4237-9429-a49ba1c2c039/ENCFF480GNL.tsv	8636212
ENCFF484AOO	ENCSR080EVZ	tsv	tsv	gene quantifications	RNA-seq	UBERON:0001890	forebrain	tissue	NA	ENCSR574CRQ	2020-06-08	ENCODE	ENCODE Processing Pipeline	f4983969626b8d4fad1f674c4ab311f2		/files/ENCFF484AOO/@@download/ENCFF484AOO.tsv	mm10	released	ENCFF717NFD, ENCFF393PVS	https://encode-public.s3.amazonaws.com/2016/08/10/1cd522da-84a9-4141-8bb2-ff16cb57a62a/ENCFF484AOO.tsv	8631453
ENCFF485CJB	ENCSR331XCE	tsv	tsv	gene quantifications	RNA-seq	UBERON:0000160	intestine	tissue	NA	ENCSR574CRQ	2020-06-08	ENCODE	ENCODE Processing Pipeline	b28f925397feddf3ce317f48365bca15		/files/ENCFF485CJB/@@download/ENCFF485CJB.tsv	mm10	released	ENCFF717NFD, ENCFF117PXC	https://encode-public.s3.amazonaws.com/2016/08/10/bbd3be75-c92b-4633-9af9-c54d7e35f601/ENCFF485CJB.tsv	8645735
ENCFF488HRD	ENCSR647QBV	tsv	tsv	gene quantifications	RNA-seq	UBERON:0001890	forebrain	tissue	NA	ENCSR574CRQ	2020-06-08	ENCODE	ENCODE Processing Pipeline	274d589c566a5918ab364c2453a6dd15		/files/ENCFF488HRD/@@download/ENCFF488HRD.tsv	mm10	released	ENCFF717NFD, ENCFF972CFR	https://encode-public.s3.amazonaws.com/2016/08/10/2b28b691-2797-4cf7-bae6-b96b2c652165/ENCFF488HRD.tsv	8636465
ENCFF499WRT	ENCSR504GEG	tsv	tsv	gene quantifications	RNA-seq	UBERON:0002113	kidney	tissue	NA	ENCSR574CRQ	2020-06-08	ENCODE	ENCODE Processing Pipeline	268a0ff0c26b368adbf6e9608b36f90f		/files/ENCFF499WRT/@@download/ENCFF499WRT.tsv	mm10	released	ENCFF717NFD, ENCFF383SED	https://encode-public.s3.amazonaws.com/2016/08/10/216b5323-377a-4b1d-b2d1-8f5f74c8e8a1/ENCFF499WRT.tsv	8633401
ENCFF502BTV	ENCSR115TWD	tsv	tsv	gene quantifications	RNA-seq	UBERON:0001049	neural tube	tissue	NA	ENCSR574CRQ	2020-06-08	ENCODE	ENCODE Processing Pipeline	9bddeaef797c29de7aab625a8307a080		/files/ENCFF502BTV/@@download/ENCFF502BTV.tsv	mm10	released	ENCFF717NFD, ENCFF237DLD	https://encode-public.s3.amazonaws.com/2016/08/10/dbc0f078-fb1d-440a-9d72-85d57ef22c50/ENCFF502BTV.tsv	8634636
ENCFF504YJB	ENCSR611PTP	tsv	tsv	gene quantifications	RNA-seq	UBERON:0002107	liver	tissue	NA	ENCSR574CRQ	2020-06-08	ENCODE	ENCODE Processing Pipeline	eab6a52660de083b94911c3301a6dca0		/files/ENCFF504YJB/@@download/ENCFF504YJB.tsv	mm10	released	ENCFF717NFD, ENCFF383SLC	https://encode-public.s3.amazonaws.com/2016/08/10/5b55c966-937d-48f9-a0c0-ef74f0e73de5/ENCFF504YJB.tsv	8651212
ENCFF512KYX	ENCSR826HIQ	tsv	tsv	gene quantifications	RNA-seq	UBERON:0002107	liver	tissue	NA	ENCSR574CRQ	2020-06-08	ENCODE	ENCODE Processing Pipeline	dc0ce0300372939c004d7f64341751af		/files/ENCFF512KYX/@@download/ENCFF512KYX.tsv	mm10	released	ENCFF717NFD, ENCFF533UXJ	https://encode-public.s3.amazonaws.com/2016/08/10/0f034360-cbf4-4fd7-8e32-237f0f17086d/ENCFF512KYX.tsv	8651390
ENCFF513HAL	ENCSR928OXI	tsv	tsv	gene quantifications	RNA-seq	UBERON:0001049	neural tube	tissue	NA	ENCSR574CRQ	2020-06-08	ENCODE	ENCODE Processing Pipeline	69cb1ca4b2acf967d096783cee6465c9		/files/ENCFF513HAL/@@download/ENCFF513HAL.tsv	mm10	released	ENCFF717NFD, ENCFF835YZL	https://encode-public.s3.amazonaws.com/2016/08/10/01ff85bf-cd56-4579-8dec-b425cbe74091/ENCFF513HAL.tsv	8630513
ENCFF516EUX	ENCSR739PEB	tsv	tsv	gene quantifications	RNA-seq	UBERON:0002369	adrenal gland	tissue	NA	ENCSR574CRQ	2020-06-08	ENCODE	ENCODE Processing Pipeline	52e79d3dde0fb894dbc52975e6099b85		/files/ENCFF516EUX/@@download/ENCFF516EUX.tsv	mm10	released	ENCFF717NFD, ENCFF522TMY	https://encode-public.s3.amazonaws.com/2016/08/10/4346502c-de1e-4d3b-8aa3-dbebf36f6252/ENCFF516EUX.tsv	8640784
ENCFF517XLT	ENCSR178GUS	tsv	tsv	gene quantifications	RNA-seq	UBERON:0000945	stomach	tissue	NA	ENCSR574CRQ	2020-06-08	ENCODE	ENCODE Processing Pipeline	6b3437e5451e821243baa59fb178507e		/files/ENCFF517XLT/@@download/ENCFF517XLT.tsv	mm10	released	ENCFF717NFD, ENCFF164IKI	https://encode-public.s3.amazonaws.com/2016/08/10/ac33fff3-1cd0-4719-8d20-3eca29473d24/ENCFF517XLT.tsv	8649609
ENCFF523MEO	ENCSR284AMY	tsv	tsv	gene quantifications	RNA-seq	UBERON:0002107	liver	tissue	NA	ENCSR574CRQ	2020-06-08	ENCODE	ENCODE Processing Pipeline	7298312158ee886846c4255964602b6a		/files/ENCFF523MEO/@@download/ENCFF523MEO.tsv	mm10	released	ENCFF717NFD, ENCFF418WDH	https://encode-public.s3.amazonaws.com/2016/08/10/a2f2a3bb-bb24-4669-89ef-3b10c21d74fb/ENCFF523MEO.tsv	8639207
ENCFF532DDR	ENCSR508GWZ	tsv	tsv	gene quantifications	RNA-seq	UBERON:0001049	neural tube	tissue	NA	ENCSR574CRQ	2020-06-08	ENCODE	ENCODE Processing Pipeline	11fb9f92bc6c94a38e501e1f1d6c1ace		/files/ENCFF532DDR/@@download/ENCFF532DDR.tsv	mm10	released	ENCFF717NFD, ENCFF742PNA	https://encode-public.s3.amazonaws.com/2016/08/10/315ca984-6e33-488e-ba6b-39a01c393edc/ENCFF532DDR.tsv	8634307
ENCFF532ZDE	ENCSR830IVQ	tsv	tsv	gene quantifications	RNA-seq	UBERON:0002101	limb	tissue	NA	ENCSR574CRQ	2020-06-08	ENCODE	ENCODE Processing Pipeline	70d7d42753dd0a73a49bb21134140109		/files/ENCFF532ZDE/@@download/ENCFF532ZDE.tsv	mm10	released	ENCFF717NFD, ENCFF592TVX	https://encode-public.s3.amazonaws.com/2016/08/10/4bb700b1-fe37-4238-820b-d6f432e1de95/ENCFF532ZDE.tsv	8637707
ENCFF536XKZ	ENCSR636CWO	tsv	tsv	gene quantifications	RNA-seq	UBERON:0012314	embryonic facial prominence	tissue	NA	ENCSR574CRQ	2020-06-08	ENCODE	ENCODE Processing Pipeline	ef3b4a7ebaeffc630b564fb6f43c0cd1		/files/ENCFF536XKZ/@@download/ENCFF536XKZ.tsv	mm10	released	ENCFF717NFD, ENCFF837FCZ	https://encode-public.s3.amazonaws.com/2016/08/10/0893d941-6630-491f-a6c1-f9493fa4a7ef/ENCFF536XKZ.tsv	8634948
ENCFF538RNR	ENCSR992WBR	tsv	tsv	gene quantifications	RNA-seq	UBERON:0002048	lung	tissue	NA	ENCSR574CRQ	2020-06-08	ENCODE	ENCODE Processing Pipeline	42fe4f0405227246fc909a21f63b1508		/files/ENCFF538RNR/@@download/ENCFF538RNR.tsv	mm10	released	ENCFF717NFD, ENCFF486KER	https://encode-public.s3.amazonaws.com/2016/08/10/b89bf052-7406-465e-9d2b-09e743c55c0c/ENCFF538RNR.tsv	8643018
ENCFF540BJT	ENCSR727FHP	tsv	tsv	gene quantifications	RNA-seq	UBERON:0000948	heart	tissue	NA	ENCSR574CRQ	2020-06-08	ENCODE	ENCODE Processing Pipeline	eb3606fe4f5bcdd88bbef0baef22d705		/files/ENCFF540BJT/@@download/ENCFF540BJT.tsv	mm10	released	ENCFF717NFD, ENCFF238EGH	https://encode-public.s3.amazonaws.com/2016/08/10/c67e450b-f5a1-4604-b714-d5199eafb313/ENCFF540BJT.tsv	8632641
ENCFF540EJL	ENCSR691OPQ	tsv	tsv	gene quantifications	RNA-seq	UBERON:0000948	heart	tissue	NA	ENCSR574CRQ	2020-06-08	ENCODE	ENCODE Processing Pipeline	e405fd60afac2795d6ea4bdd85552ff6		/files/ENCFF540EJL/@@download/ENCFF540EJL.tsv	mm10	released	ENCFF717NFD, ENCFF929JFN	https://encode-public.s3.amazonaws.com/2016/08/10/57cea523-7e2d-4b4b-ae52-010a1225b31b/ENCFF540EJL.tsv	8634162
ENCFF567AFL	ENCSR970EWM	tsv	tsv	gene quantifications	RNA-seq	UBERON:0001890	forebrain	tissue	NA	ENCSR574CRQ	2020-06-08	ENCODE	ENCODE Processing Pipeline	ce1fa17416ff9fccf98ac902a7f5f457		/files/ENCFF567AFL/@@download/ENCFF567AFL.tsv	mm10	released	ENCFF717NFD, ENCFF693SMZ	https://encode-public.s3.amazonaws.com/2016/08/10/7d51c3d8-edd9-4cc9-bc79-89c616fe2acc/ENCFF567AFL.tsv	8637120
ENCFF572OPZ	ENCSR867YNV	tsv	tsv	gene quantifications	RNA-seq	UBERON:0002107	liver	tissue	NA	ENCSR574CRQ	2020-06-08	ENCODE	ENCODE Processing Pipeline	e369f57a09c2e4165ddc63b40b42b369		/files/ENCFF572OPZ/@@download/ENCFF572OPZ.tsv	mm10	released	ENCFF717NFD, ENCFF877FEP	https://encode-public.s3.amazonaws.com/2016/08/10/62a79918-5304-4faa-b829-b0c77a4e21fd/ENCFF572OPZ.tsv	8640224
ENCFF576YVC	ENCSR946HWC	tsv	tsv	gene quantifications	RNA-seq	UBERON:0001134	skeletal muscle tissue	tissue	NA	ENCSR574CRQ	2020-06-08	ENCODE	ENCODE Processing Pipeline	52e2e42472387620a55c45b75426a3b5		/files/ENCFF576YVC/@@download/ENCFF576YVC.tsv	mm10	released	ENCFF717NFD, ENCFF153VSM	https://encode-public.s3.amazonaws.com/2016/08/10/2046b20c-4310-423f-991a-9c6de7d2024a/ENCFF576YVC.tsv	8639442
ENCFF590FAC	ENCSR080EVZ	tsv	tsv	gene quantifications	RNA-seq	UBERON:0001890	forebrain	tissue	NA	ENCSR574CRQ	2020-06-08	ENCODE	ENCODE Processing Pipeline	38c71ede340db60992a29463bdb4131b		/files/ENCFF590FAC/@@download/ENCFF590FAC.tsv	mm10	released	ENCFF717NFD, ENCFF276AFY	https://encode-public.s3.amazonaws.com/2016/08/10/ce2d988c-a2df-4d19-b319-1a38801bed3b/ENCFF590FAC.tsv	8633143
ENCFF597VHC	ENCSR968QHO	tsv	tsv	gene quantifications	RNA-seq	UBERON:0002101	limb	tissue	NA	ENCSR574CRQ	2020-06-08	ENCODE	ENCODE Processing Pipeline	45a14f0b7ccc75200b2554cbfc57c2ee		/files/ENCFF597VHC/@@download/ENCFF597VHC.tsv	mm10	released	ENCFF717NFD, ENCFF075HWP	https://encode-public.s3.amazonaws.com/2016/08/04/1d9b4297-a2f5-46b7-98fa-ce09e2505934/ENCFF597VHC.tsv	8648153
ENCFF600ZQX	ENCSR579FCW	tsv	tsv	gene quantifications	RNA-seq	UBERON:0002106	spleen	tissue	NA	ENCSR574CRQ	2020-06-08	ENCODE	ENCODE Processing Pipeline	a637f459cf3c52237573aec0b1d02923		/files/ENCFF600ZQX/@@download/ENCFF600ZQX.tsv	mm10	released	ENCFF717NFD, ENCFF985TZO	https://encode-public.s3.amazonaws.com/2016/08/10/d5baea54-b538-445c-bec6-7a6721274d6f/ENCFF600ZQX.tsv	8633967
ENCFF604LWF	ENCSR921PRX	tsv	tsv	gene quantifications	RNA-seq	UBERON:0002028	hindbrain	tissue	NA	ENCSR574CRQ	2020-06-08	ENCODE	ENCODE Processing Pipeline	3b062de9210efa6285903d6b026c476b		/files/ENCFF604LWF/@@download/ENCFF604LWF.tsv	mm10	released	ENCFF717NFD, ENCFF007MYW	https://encode-public.s3.amazonaws.com/2016/08/10/e07f76dc-2025-4b8b-90bc-25cd086f9a53/ENCFF604LWF.tsv	8637579
ENCFF615ZTQ	ENCSR448MXQ	tsv	tsv	gene quantifications	RNA-seq	UBERON:0002107	liver	tissue	NA	ENCSR574CRQ	2020-06-08	ENCODE	ENCODE Processing Pipeline	744b5650746d1ab1786a4bd774d73ea1		/files/ENCFF615ZTQ/@@download/ENCFF615ZTQ.tsv	mm10	released	ENCFF717NFD, ENCFF101DCU	https://encode-public.s3.amazonaws.com/2016/08/10/de85dc69-4126-4f8a-9bc3-ada56f1fa947/ENCFF615ZTQ.tsv	8648741
ENCFF627COG	ENCSR508GWZ	tsv	tsv	gene quantifications	RNA-seq	UBERON:0001049	neural tube	tissue	NA	ENCSR574CRQ	2020-06-08	ENCODE	ENCODE Processing Pipeline	61e6bfb1e336a8255568de1f50da4db8		/files/ENCFF627COG/@@download/ENCFF627COG.tsv	mm10	released	ENCFF717NFD, ENCFF372NNP	https://encode-public.s3.amazonaws.com/2016/08/10/a9bcac51-59c3-4276-8b3c-52452a777116/ENCFF627COG.tsv	8636968
ENCFF634AUL	ENCSR347SQR	tsv	tsv	gene quantifications	RNA-seq	UBERON:0002101	limb	tissue	NA	ENCSR574CRQ	2020-06-08	ENCODE	ENCODE Processing Pipeline	d18e60fd8dea58469ac3fa8909df0f12		/files/ENCFF634AUL/@@download/ENCFF634AUL.tsv	mm10	released	ENCFF717NFD, ENCFF371BZK	https://encode-public.s3.amazonaws.com/2016/08/10/a5769dbf-a185-4909-97db-7f1c9c2b1df7/ENCFF634AUL.tsv	8643106
ENCFF658LQM	ENCSR982MRY	tsv	tsv	gene quantifications	RNA-seq	UBERON:0002048	lung	tissue	NA	ENCSR574CRQ	2020-06-08	ENCODE	ENCODE Processing Pipeline	54a71f7bdd9add119219a019d4db8a90		/files/ENCFF658LQM/@@download/ENCFF658LQM.tsv	mm10	released	ENCFF717NFD, ENCFF480TFE	https://encode-public.s3.amazonaws.com/2016/08/10/ab279da5-101d-4245-9e3e-aa797bdcdabe/ENCFF658LQM.tsv	8640737
ENCFF669WDQ	ENCSR648YEP	tsv	tsv	gene quantifications	RNA-seq	UBERON:0002107	liver	tissue	NA	ENCSR574CRQ	2020-06-08	ENCODE	ENCODE Processing Pipeline	92a30d1df9ebf7b536038892583052a4		/files/ENCFF669WDQ/@@download/ENCFF669WDQ.tsv	mm10	released	ENCFF717NFD, ENCFF518GDM	https://encode-public.s3.amazonaws.com/2016/08/10/f1c71476-93e2-46a1-9bd0-b217ace28fab/ENCFF669WDQ.tsv	8644852
ENCFF672DDJ	ENCSR809VYL	tsv	tsv	gene quantifications	RNA-seq	UBERON:0012314	embryonic facial prominence	tissue	NA	ENCSR574CRQ	2020-06-08	ENCODE	ENCODE Processing Pipeline	27ea4c90063a39d6daa18ec5cf90b778		/files/ENCFF672DDJ/@@download/ENCFF672DDJ.tsv	mm10	released	ENCFF717NFD, ENCFF951YDR	https://encode-public.s3.amazonaws.com/2016/08/04/c304d094-1807-4315-be20-8d8da92401c9/ENCFF672DDJ.tsv	8644425
ENCFF677BPV	ENCSR216NEG	tsv	tsv	gene quantifications	RNA-seq	UBERON:0002101	limb	tissue	NA	ENCSR574CRQ	2020-06-08	ENCODE	ENCODE Processing Pipeline	a234fb088bea2a4d87dba2a29616792f		/files/ENCFF677BPV/@@download/ENCFF677BPV.tsv	mm10	released	ENCFF717NFD, ENCFF768SOZ	https://encode-public.s3.amazonaws.com/2016/08/10/e67dca09-a660-4e83-8e32-b31c110dfe9c/ENCFF677BPV.tsv	8636851
ENCFF684GSP	ENCSR420QTO	tsv	tsv	gene quantifications	RNA-seq	UBERON:0002028	hindbrain	tissue	NA	ENCSR574CRQ	2020-06-08	ENCODE	ENCODE Processing Pipeline	fa4f64c12b64730caeb037c13a2b4dbc		/files/ENCFF684GSP/@@download/ENCFF684GSP.tsv	mm10	released	ENCFF717NFD, ENCFF285GNG	https://encode-public.s3.amazonaws.com/2016/08/10/1c46be97-8918-4b47-a2d3-877e0ba84e0e/ENCFF684GSP.tsv	8631438
ENCFF691EQW	ENCSR290RRR	tsv	tsv	gene quantifications	RNA-seq	UBERON:0000945	stomach	tissue	NA	ENCSR574CRQ	2020-06-08	ENCODE	ENCODE Processing Pipeline	5db15eed1aa0a4e06bcff9ecbbe22b45		/files/ENCFF691EQW/@@download/ENCFF691EQW.tsv	mm10	released	ENCFF717NFD, ENCFF107GZH	https://encode-public.s3.amazonaws.com/2016/08/10/2e9250f1-923f-4ff6-aba1-96c7a4122109/ENCFF691EQW.tsv	8625753
ENCFF700YRC	ENCSR062VTB	tsv	tsv	gene quantifications	RNA-seq	UBERON:0002113	kidney	tissue	NA	ENCSR574CRQ	2020-06-08	ENCODE	ENCODE Processing Pipeline	82d8de33eb0d7ceb3c26ba15317c11ed		/files/ENCFF700YRC/@@download/ENCFF700YRC.tsv	mm10	released	ENCFF717NFD, ENCFF298PGH	https://encode-public.s3.amazonaws.com/2016/08/10/a44167de-9426-4b7c-88d3-22e21f7115d0/ENCFF700YRC.tsv	8638976
ENCFF706XGJ	ENCSR557RMA	tsv	tsv	gene quantifications	RNA-seq	UBERON:0001891	midbrain	tissue	NA	ENCSR574CRQ	2020-06-08	ENCODE	ENCODE Processing Pipeline	e0650e754c2de20aaed993938d228c79		/files/ENCFF706XGJ/@@download/ENCFF706XGJ.tsv	mm10	released	ENCFF717NFD, ENCFF334WLU	https://encode-public.s3.amazonaws.com/2016/08/10/baac1f23-6f22-4467-935c-ad51c2bcc711/ENCFF706XGJ.tsv	8637805
ENCFF718PJC	ENCSR457RRW	tsv	tsv	gene quantifications	RNA-seq	UBERON:0002048	lung	tissue	NA	ENCSR574CRQ	2020-06-08	ENCODE	ENCODE Processing Pipeline	8731942882ad0c1c4a3207abd06bf0d2		/files/ENCFF718PJC/@@download/ENCFF718PJC.tsv	mm10	released	ENCFF717NFD, ENCFF609LHE	https://encode-public.s3.amazonaws.com/2016/08/10/f40b6444-6406-4911-b058-6fb8138e0a73/ENCFF718PJC.tsv	8643001
ENCFF721XZC	ENCSR049UJU	tsv	tsv	gene quantifications	RNA-seq	UBERON:0000948	heart	tissue	NA	ENCSR574CRQ	2020-06-08	ENCODE	ENCODE Processing Pipeline	3e0536beebea0a89866fe20b4282703d		/files/ENCFF721XZC/@@download/ENCFF721XZC.tsv	mm10	released	ENCFF717NFD, ENCFF642QHK	https://encode-public.s3.amazonaws.com/2016/08/04/97347873-d26f-427b-b0d9-315f7bd7c2d4/ENCFF721XZC.tsv	8645983
ENCFF740SXP	ENCSR611PTP	tsv	tsv	gene quantifications	RNA-seq	UBERON:0002107	liver	tissue	NA	ENCSR574CRQ	2020-06-08	ENCODE	ENCODE Processing Pipeline	88c6d46f957aeab2c6901abf0cda96f4		/files/ENCFF740SXP/@@download/ENCFF740SXP.tsv	mm10	released	ENCFF717NFD, ENCFF319PBS	https://encode-public.s3.amazonaws.com/2016/08/10/72d16206-b1b9-4831-a8ea-1067b5a5095b/ENCFF740SXP.tsv	8641164
ENCFF741FZD	ENCSR559TRB	tsv	tsv	gene quantifications	RNA-seq	UBERON:0002028	hindbrain	tissue	NA	ENCSR574CRQ	2020-06-08	ENCODE	ENCODE Processing Pipeline	dd59beb9e8d5d76a3aa26b5baba11eaa		/files/ENCFF741FZD/@@download/ENCFF741FZD.tsv	mm10	released	ENCFF717NFD, ENCFF298ZOP	https://encode-public.s3.amazonaws.com/2016/08/10/dc1de261-5654-4fa0-b2bc-d5703bc877b0/ENCFF741FZD.tsv	8635421
ENCFF745ZJF	ENCSR185LWM	tsv	tsv	gene quantifications	RNA-seq	UBERON:0001890	forebrain	tissue	NA	ENCSR574CRQ	2020-06-08	ENCODE	ENCODE Processing Pipeline	fe580c86aa72691e1277d088553097c2		/files/ENCFF745ZJF/@@download/ENCFF745ZJF.tsv	mm10	released	ENCFF717NFD, ENCFF061IXZ	https://encode-public.s3.amazonaws.com/2016/08/10/b226b9b4-1363-4195-8701-4b16d49fca62/ENCFF745ZJF.tsv	8641956
ENCFF750FTK	ENCSR760TOE	tsv	tsv	gene quantifications	RNA-seq	UBERON:0002028	hindbrain	tissue	NA	ENCSR574CRQ	2020-06-08	ENCODE	ENCODE Processing Pipeline	b6318cfc82c345fb10857038a5b7bed7		/files/ENCFF750FTK/@@download/ENCFF750FTK.tsv	mm10	released	ENCFF717NFD, ENCFF996LGB	https://encode-public.s3.amazonaws.com/2016/08/10/c2fa8eb6-9e29-456f-a19f-8434228849c9/ENCFF750FTK.tsv	8646301
ENCFF752QKG	ENCSR537GNQ	tsv	tsv	gene quantifications	RNA-seq	UBERON:0002113	kidney	tissue	NA	ENCSR574CRQ	2020-06-08	ENCODE	ENCODE Processing Pipeline	69887cfef23e78c7a82cd3d7f89730a9		/files/ENCFF752QKG/@@download/ENCFF752QKG.tsv	mm10	released	ENCFF717NFD, ENCFF244ZKE	https://encode-public.s3.amazonaws.com/2016/08/10/1e1ee27b-99a1-496d-9000-d162315b4016/ENCFF752QKG.tsv	8638273
ENCFF759PUL	ENCSR826HIQ	tsv	tsv	gene quantifications	RNA-seq	UBERON:0002107	liver	tissue	NA	ENCSR574CRQ	2020-06-08	ENCODE	ENCODE Processing Pipeline	c61907afcef8e77a1aa312efb11f55c7		/files/ENCFF759PUL/@@download/ENCFF759PUL.tsv	mm10	released	ENCFF717NFD, ENCFF049BSU	https://encode-public.s3.amazonaws.com/2016/08/10/eda5ff4d-969e-47c3-bbf0-4baba5bd75f4/ENCFF759PUL.tsv	8650857
ENCFF763GXJ	ENCSR752RGN	tsv	tsv	gene quantifications	RNA-seq	UBERON:0001890	forebrain	tissue	NA	ENCSR574CRQ	2020-06-08	ENCODE	ENCODE Processing Pipeline	d683a5709146405b651375d4dc022da0		/files/ENCFF763GXJ/@@download/ENCFF763GXJ.tsv	mm10	released	ENCFF717NFD, ENCFF578SNO	https://encode-public.s3.amazonaws.com/2016/08/10/2d52ca8d-528b-4493-bb9e-5105ab454eca/ENCFF763GXJ.tsv	8640625
ENCFF772UWT	ENCSR848HOX	tsv	tsv	gene quantifications	RNA-seq	UBERON:0012314	embryonic facial prominence	tissue	NA	ENCSR574CRQ	2020-06-08	ENCODE	ENCODE Processing Pipeline	4789fb5b0eb0d85fe4dc03ff95de71a3		/files/ENCFF772UWT/@@download/ENCFF772UWT.tsv	mm10	released	ENCFF717NFD, ENCFF890YLC	https://encode-public.s3.amazonaws.com/2016/08/10/d7cc211d-87b9-4d0e-9f97-1153358d15aa/ENCFF772UWT.tsv	8636255
ENCFF783LVC	ENCSR173PJN	tsv	tsv	gene quantifications	RNA-seq	UBERON:0002113	kidney	tissue	NA	ENCSR574CRQ	2020-06-08	ENCODE	ENCODE Processing Pipeline	f45b7f8861edeed043407f717daa9d79		/files/ENCFF783LVC/@@download/ENCFF783LVC.tsv	mm10	released	ENCFF717NFD, ENCFF991WXK	https://encode-public.s3.amazonaws.com/2016/08/10/7c6f81f0-16a6-426b-8495-28520343f3e3/ENCFF783LVC.tsv	8652801
ENCFF793WMU	ENCSR719NAJ	tsv	tsv	gene quantifications	RNA-seq	UBERON:0001891	midbrain	tissue	NA	ENCSR574CRQ	2020-06-08	ENCODE	ENCODE Processing Pipeline	fb3d7cae26a6f06382037fce90ed6b7c		/files/ENCFF793WMU/@@download/ENCFF793WMU.tsv	mm10	released	ENCFF717NFD, ENCFF809QMX	https://encode-public.s3.amazonaws.com/2016/08/10/e0114ab5-757a-44e5-8fdb-abbd39a416b1/ENCFF793WMU.tsv	8639555
ENCFF794QMH	ENCSR216NEG	tsv	tsv	gene quantifications	RNA-seq	UBERON:0002101	limb	tissue	NA	ENCSR574CRQ	2020-06-08	ENCODE	ENCODE Processing Pipeline	6f1eed5f5c0c39c21587a38d788ee432		/files/ENCFF794QMH/@@download/ENCFF794QMH.tsv	mm10	released	ENCFF717NFD, ENCFF725WHC	https://encode-public.s3.amazonaws.com/2016/08/10/c28d52d6-ab04-4caa-be44-5e5df47a3ba7/ENCFF794QMH.tsv	8635226
ENCFF795XBQ	ENCSR331XCE	tsv	tsv	gene quantifications	RNA-seq	UBERON:0000160	intestine	tissue	NA	ENCSR574CRQ	2020-06-08	ENCODE	ENCODE Processing Pipeline	0da66337e37c36624f042cdc7068d8a7		/files/ENCFF795XBQ/@@download/ENCFF795XBQ.tsv	mm10	released	ENCFF717NFD, ENCFF870XNG	https://encode-public.s3.amazonaws.com/2016/08/10/de0888aa-4ab2-4096-86c5-bc24fa8597a3/ENCFF795XBQ.tsv	8635287
ENCFF798MSP	ENCSR017JEG	tsv	tsv	gene quantifications	RNA-seq	UBERON:0002028	hindbrain	tissue	NA	ENCSR574CRQ	2020-06-08	ENCODE	ENCODE Processing Pipeline	ab456c94a95bae2d6f7990a1a526d9a4		/files/ENCFF798MSP/@@download/ENCFF798MSP.tsv	mm10	released	ENCFF717NFD, ENCFF885BFH	https://encode-public.s3.amazonaws.com/2016/08/10/0d0dc60c-f120-43b0-8850-f2241da9bcd2/ENCFF798MSP.tsv	8632768
ENCFF816CVP	ENCSR185LWM	tsv	tsv	gene quantifications	RNA-seq	UBERON:0001890	forebrain	tissue	NA	ENCSR574CRQ	2020-06-08	ENCODE	ENCODE Processing Pipeline	2eb13acf38ae8509257a4eeb0b2c2e93		/files/ENCFF816CVP/@@download/ENCFF816CVP.tsv	mm10	released	ENCFF717NFD, ENCFF628IIK	https://encode-public.s3.amazonaws.com/2016/08/10/618af0de-cf56-4c2b-a135-ce44d3a9ad7c/ENCFF816CVP.tsv	8635286
ENCFF817KPY	ENCSR526SEX	tsv	tsv	gene quantifications	RNA-seq	UBERON:0000948	heart	tissue	NA	ENCSR574CRQ	2020-06-08	ENCODE	ENCODE Processing Pipeline	0006b4792ee9305e33e363eaa7eb7292		/files/ENCFF817KPY/@@download/ENCFF817KPY.tsv	mm10	released	ENCFF717NFD, ENCFF551VNM	https://encode-public.s3.amazonaws.com/2016/08/10/d6bbef2a-60d9-46f2-b7c8-be95d8a74fae/ENCFF817KPY.tsv	8649720
ENCFF824DCQ	ENCSR150CUE	tsv	tsv	gene quantifications	RNA-seq	UBERON:0000948	heart	tissue	NA	ENCSR574CRQ	2020-06-08	ENCODE	ENCODE Processing Pipeline	7afbfa05e2da491e8e9f53bc75ca1878		/files/ENCFF824DCQ/@@download/ENCFF824DCQ.tsv	mm10	released	ENCFF717NFD, ENCFF080ULH	https://encode-public.s3.amazonaws.com/2016/08/10/c1beadb1-4f8d-42c4-9b7c-3b6a6a27777b/ENCFF824DCQ.tsv	8637488
ENCFF830YBR	ENCSR285WZV	tsv	tsv	gene quantifications	RNA-seq	UBERON:0002028	hindbrain	tissue	NA	ENCSR574CRQ	2020-06-08	ENCODE	ENCODE Processing Pipeline	c98f5af0f8f9664e437a0c393029fa52		/files/ENCFF830YBR/@@download/ENCFF830YBR.tsv	mm10	released	ENCFF717NFD, ENCFF347FRD	https://encode-public.s3.amazonaws.com/2016/08/10/6378534d-7682-4a5d-88c9-5686b0fa0f37/ENCFF830YBR.tsv	8638500
ENCFF835FSF	ENCSR557RMA	tsv	tsv	gene quantifications	RNA-seq	UBERON:0001891	midbrain	tissue	NA	ENCSR574CRQ	2020-06-08	ENCODE	ENCODE Processing Pipeline	ac9a0893fe54c672b2561fbf6110cce5		/files/ENCFF835FSF/@@download/ENCFF835FSF.tsv	mm10	released	ENCFF717NFD, ENCFF465IZL	https://encode-public.s3.amazonaws.com/2016/08/10/4ad7ebc4-2f2b-4e43-9248-55351aff51e3/ENCFF835FSF.tsv	8638299
ENCFF861GUP	ENCSR017JEG	tsv	tsv	gene quantifications	RNA-seq	UBERON:0002028	hindbrain	tissue	NA	ENCSR574CRQ	2020-06-08	ENCODE	ENCODE Processing Pipeline	52bf63a932cbc2f142d5c7d255e83b89		/files/ENCFF861GUP/@@download/ENCFF861GUP.tsv	mm10	released	ENCFF717NFD, ENCFF102JYK	https://encode-public.s3.amazonaws.com/2016/08/10/bddeffcf-574d-43eb-817b-333548c0e684/ENCFF861GUP.tsv	8639957
ENCFF867TKM	ENCSR538WYL	tsv	tsv	gene quantifications	RNA-seq	UBERON:0012314	embryonic facial prominence	tissue	NA	ENCSR574CRQ	2020-06-08	ENCODE	ENCODE Processing Pipeline	d1dee627ac13911cc9cad21ed6c39549		/files/ENCFF867TKM/@@download/ENCFF867TKM.tsv	mm10	released	ENCFF717NFD, ENCFF470QME	https://encode-public.s3.amazonaws.com/2016/08/10/f76d5169-c70c-46c0-ba85-cd61fc776068/ENCFF867TKM.tsv	8621221
ENCFF870YWY	ENCSR343YLB	tsv	tsv	gene quantifications	RNA-seq	UBERON:0001891	midbrain	tissue	NA	ENCSR574CRQ	2020-06-08	ENCODE	ENCODE Processing Pipeline	45754246c1d1480b4d8ba613123eebfd		/files/ENCFF870YWY/@@download/ENCFF870YWY.tsv	mm10	released	ENCFF717NFD, ENCFF869BOX	https://encode-public.s3.amazonaws.com/2016/08/10/f3546ea5-ace7-496c-9bd9-0371b171f86a/ENCFF870YWY.tsv	8631795
ENCFF871IGQ	ENCSR020DGG	tsv	tsv	gene quantifications	RNA-seq	UBERON:0000948	heart	tissue	NA	ENCSR574CRQ	2020-06-08	ENCODE	ENCODE Processing Pipeline	9f82077bccba94639460abab53f802c2		/files/ENCFF871IGQ/@@download/ENCFF871IGQ.tsv	mm10	released	ENCFF717NFD, ENCFF120YQZ	https://encode-public.s3.amazonaws.com/2016/08/10/1c7ee491-8468-488a-909e-487fcfdd439f/ENCFF871IGQ.tsv	8636678
ENCFF871WCS	ENCSR579FCW	tsv	tsv	gene quantifications	RNA-seq	UBERON:0002106	spleen	tissue	NA	ENCSR574CRQ	2020-06-08	ENCODE	ENCODE Processing Pipeline	57696fea81579781e9074b2e02e547f6		/files/ENCFF871WCS/@@download/ENCFF871WCS.tsv	mm10	released	ENCFF717NFD, ENCFF274QLE	https://encode-public.s3.amazonaws.com/2016/08/10/54b6f7d7-4aef-47d8-9109-1622afe0dc9c/ENCFF871WCS.tsv	8633287
ENCFF872ABP	ENCSR039ADS	tsv	tsv	gene quantifications	RNA-seq	UBERON:0002048	lung	tissue	NA	ENCSR574CRQ	2020-06-08	ENCODE	ENCODE Processing Pipeline	18799ec4e07e236d84535fb5347915e7		/files/ENCFF872ABP/@@download/ENCFF872ABP.tsv	mm10	released	ENCFF717NFD, ENCFF333ATR	https://encode-public.s3.amazonaws.com/2016/08/10/7ca7a969-c119-46cf-ad3f-56b959611955/ENCFF872ABP.tsv	8638728
ENCFF875HIA	ENCSR096STK	tsv	tsv	gene quantifications	RNA-seq	UBERON:0002107	liver	tissue	NA	ENCSR574CRQ	2020-06-08	ENCODE	ENCODE Processing Pipeline	e2e3878a6dbe91cb2f94e3278ee3b883		/files/ENCFF875HIA/@@download/ENCFF875HIA.tsv	mm10	released	ENCFF717NFD, ENCFF039JSW	https://encode-public.s3.amazonaws.com/2016/08/10/09463bf0-b940-4fb7-9aad-bd4276407428/ENCFF875HIA.tsv	8644632
ENCFF895JXR	ENCSR362AIZ	tsv	tsv	gene quantifications	RNA-seq	UBERON:0001890	forebrain	tissue	NA	ENCSR574CRQ	2020-06-08	ENCODE	ENCODE Processing Pipeline	cd6d97d0cfd418f437fa9855623c03c2		/files/ENCFF895JXR/@@download/ENCFF895JXR.tsv	mm10	released	ENCFF717NFD, ENCFF916AXO	https://encode-public.s3.amazonaws.com/2016/08/10/9813fcc3-a8b1-48bc-96b9-57e8783e70f0/ENCFF895JXR.tsv	8645517
ENCFF905HUL	ENCSR173PJN	tsv	tsv	gene quantifications	RNA-seq	UBERON:0002113	kidney	tissue	NA	ENCSR574CRQ	2020-06-08	ENCODE	ENCODE Processing Pipeline	5b5acdd1ca013917c32ea299e1c1ebb5		/files/ENCFF905HUL/@@download/ENCFF905HUL.tsv	mm10	released	ENCFF717NFD, ENCFF193HAL	https://encode-public.s3.amazonaws.com/2016/08/10/6757c2b3-b63b-48ef-950e-aea87449233c/ENCFF905HUL.tsv	8647433
ENCFF918QNL	ENCSR362AIZ	tsv	tsv	gene quantifications	RNA-seq	UBERON:0001890	forebrain	tissue	NA	ENCSR574CRQ	2020-06-08	ENCODE	ENCODE Processing Pipeline	9f68144692e5fadbeb8fa486e100e3e5		/files/ENCFF918QNL/@@download/ENCFF918QNL.tsv	mm10	released	ENCFF717NFD, ENCFF811VPO	https://encode-public.s3.amazonaws.com/2016/08/10/f49b59f8-27fd-4335-a231-5ba02f4cb2c2/ENCFF918QNL.tsv	8642078
ENCFF918XYP	ENCSR667TOX	tsv	tsv	gene quantifications	RNA-seq	UBERON:0001049	neural tube	tissue	NA	ENCSR574CRQ	2020-06-08	ENCODE	ENCODE Processing Pipeline	cdd336b4de53870494db0b04932d65ee		/files/ENCFF918XYP/@@download/ENCFF918XYP.tsv	mm10	released	ENCFF717NFD, ENCFF458NLA	https://encode-public.s3.amazonaws.com/2016/08/10/d3c16179-f8e8-4bef-a9c3-f4d029349df0/ENCFF918XYP.tsv	8638556
ENCFF918YFP	ENCSR367ZPZ	tsv	tsv	gene quantifications	RNA-seq	UBERON:0001891	midbrain	tissue	NA	ENCSR574CRQ	2020-06-08	ENCODE	ENCODE Processing Pipeline	c7faac30c363e7bff6eb00aea074709a		/files/ENCFF918YFP/@@download/ENCFF918YFP.tsv	mm10	released	ENCFF717NFD, ENCFF436QOE	https://encode-public.s3.amazonaws.com/2016/08/10/521d6550-7b8f-496e-bd8f-2b547aaa4485/ENCFF918YFP.tsv	8631939
ENCFF923YGS	ENCSR772FQU	tsv	tsv	gene quantifications	RNA-seq	UBERON:0001255	urinary bladder	tissue	NA	ENCSR574CRQ	2020-06-08	ENCODE	ENCODE Processing Pipeline	46f82ecdf4423549e3591cb7d83ea4cc		/files/ENCFF923YGS/@@download/ENCFF923YGS.tsv	mm10	released	ENCFF717NFD, ENCFF672CPW	https://encode-public.s3.amazonaws.com/2016/08/10/615140f2-b05f-4d2b-999c-22f500a6da4a/ENCFF923YGS.tsv	8633631
ENCFF924CMS	ENCSR823VEE	tsv	tsv	gene quantifications	RNA-seq	UBERON:0012314	embryonic facial prominence	tissue	NA	ENCSR574CRQ	2020-06-08	ENCODE	ENCODE Processing Pipeline	b4020bb47c357ce13be46ed94ba6e26e		/files/ENCFF924CMS/@@download/ENCFF924CMS.tsv	mm10	released	ENCFF717NFD, ENCFF868RMS	https://encode-public.s3.amazonaws.com/2016/08/10/6aebbd4d-5680-467e-baf9-682548c0a576/ENCFF924CMS.tsv	8629945
ENCFF929KWG	ENCSR809VYL	tsv	tsv	gene quantifications	RNA-seq	UBERON:0012314	embryonic facial prominence	tissue	NA	ENCSR574CRQ	2020-06-08	ENCODE	ENCODE Processing Pipeline	9b47e43f6575d889a71bccd81d0fed55		/files/ENCFF929KWG/@@download/ENCFF929KWG.tsv	mm10	released	ENCFF717NFD, ENCFF924RZW	https://encode-public.s3.amazonaws.com/2016/08/04/f9fd9cb8-64ce-4f01-92ba-fa9b7f601952/ENCFF929KWG.tsv	8643312
ENCFF954EHG	ENCSR284AMY	tsv	tsv	gene quantifications	RNA-seq	UBERON:0002107	liver	tissue	NA	ENCSR574CRQ	2020-06-08	ENCODE	ENCODE Processing Pipeline	102ea2ab87a492a2a41df12ee5d58080		/files/ENCFF954EHG/@@download/ENCFF954EHG.tsv	mm10	released	ENCFF717NFD, ENCFF040YOM	https://encode-public.s3.amazonaws.com/2016/08/10/19c7fcbf-8f9a-431b-8d4b-e6d0a704bc36/ENCFF954EHG.tsv	8639886
ENCFF959OHE	ENCSR932TRU	tsv	tsv	gene quantifications	RNA-seq	UBERON:0000160	intestine	tissue	NA	ENCSR574CRQ	2020-06-08	ENCODE	ENCODE Processing Pipeline	7c0f6719ff33ffaab9d0022577d2eabb		/files/ENCFF959OHE/@@download/ENCFF959OHE.tsv	mm10	released	ENCFF717NFD, ENCFF647XOX	https://encode-public.s3.amazonaws.com/2016/08/10/16b9caf8-7533-4dd9-abd1-6a9ae4e59c13/ENCFF959OHE.tsv	8637045
ENCFF967SJG	ENCSR928OXI	tsv	tsv	gene quantifications	RNA-seq	UBERON:0001049	neural tube	tissue	NA	ENCSR574CRQ	2020-06-08	ENCODE	ENCODE Processing Pipeline	82e4f95dfb8bbbd4b92471709b7a3842		/files/ENCFF967SJG/@@download/ENCFF967SJG.tsv	mm10	released	ENCFF717NFD, ENCFF830GPF	https://encode-public.s3.amazonaws.com/2016/08/10/12bf88a8-a224-4913-8c39-dc9f0e42e3bd/ENCFF967SJG.tsv	8626076
ENCFF971KZC	ENCSR307BCA	tsv	tsv	gene quantifications	RNA-seq	UBERON:0001891	midbrain	tissue	NA	ENCSR574CRQ	2020-06-08	ENCODE	ENCODE Processing Pipeline	917ea0d3c94877723ec8ba30ca0f4e21		/files/ENCFF971KZC/@@download/ENCFF971KZC.tsv	mm10	released	ENCFF717NFD, ENCFF422VFB	https://encode-public.s3.amazonaws.com/2016/08/10/cd125057-fe3c-4e1f-b6e1-1abb87cd34d1/ENCFF971KZC.tsv	8652258
ENCFF972NMO	ENCSR906YQZ	tsv	tsv	gene quantifications	RNA-seq	UBERON:0000945	stomach	tissue	NA	ENCSR574CRQ	2020-06-08	ENCODE	ENCODE Processing Pipeline	7d8bb5a923c9a2920511c3c2c3bedc96		/files/ENCFF972NMO/@@download/ENCFF972NMO.tsv	mm10	released	ENCFF717NFD, ENCFF070MVM	https://encode-public.s3.amazonaws.com/2016/08/10/edd39950-7003-4db0-a372-a105ff5db645/ENCFF972NMO.tsv	8638875
ENCFF976CYB	ENCSR284YKY	tsv	tsv	gene quantifications	RNA-seq	UBERON:0000948	heart	tissue	NA	ENCSR574CRQ	2020-06-08	ENCODE	ENCODE Processing Pipeline	8caca2fb8e4a85dd1970b32006ab6e06		/files/ENCFF976CYB/@@download/ENCFF976CYB.tsv	mm10	released	ENCFF717NFD, ENCFF118NMS	https://encode-public.s3.amazonaws.com/2016/08/10/9d2a8810-d81e-436d-94b2-c83698e29e74/ENCFF976CYB.tsv	8639163
ENCFF976OLT	ENCSR160IIN	tsv	tsv	gene quantifications	RNA-seq	UBERON:0001890	forebrain	tissue	NA	ENCSR574CRQ	2020-06-08	ENCODE	ENCODE Processing Pipeline	38da97700faefee5eb6ad640a2597914		/files/ENCFF976OLT/@@download/ENCFF976OLT.tsv	mm10	released	ENCFF717NFD, ENCFF052RBF	https://encode-public.s3.amazonaws.com/2016/08/10/9cf4cfe4-c713-4def-ad61-b8d9185750b9/ENCFF976OLT.tsv	8639311
ENCFF982ERQ	ENCSR750YSX	tsv	tsv	gene quantifications	RNA-seq	UBERON:0002101	limb	tissue	NA	ENCSR574CRQ	2020-06-08	ENCODE	ENCODE Processing Pipeline	f9f98cfbb2e6969e00170f48f79f0a3d		/files/ENCFF982ERQ/@@download/ENCFF982ERQ.tsv	mm10	released	ENCFF717NFD, ENCFF874HSJ	https://encode-public.s3.amazonaws.com/2016/08/10/0e8496c6-783a-4ce8-a811-88274d2104ac/ENCFF982ERQ.tsv	8634930
ENCFF990GIB	ENCSR982MRY	tsv	tsv	gene quantifications	RNA-seq	UBERON:0002048	lung	tissue	NA	ENCSR574CRQ	2020-06-08	ENCODE	ENCODE Processing Pipeline	bfc481d6c04b023b60479bbd39686c82		/files/ENCFF990GIB/@@download/ENCFF990GIB.tsv	mm10	released	ENCFF717NFD, ENCFF935TSN	https://encode-public.s3.amazonaws.com/2016/08/10/dc6b5ec6-73ef-4e07-92f2-85be9f15808b/ENCFF990GIB.tsv	8645429
ENCFF996EMC	ENCSR457RRW	tsv	tsv	gene quantifications	RNA-seq	UBERON:0002048	lung	tissue	NA	ENCSR574CRQ	2020-06-08	ENCODE	ENCODE Processing Pipeline	bb06b85cf012aff9b15f4ad3e6978983		/files/ENCFF996EMC/@@download/ENCFF996EMC.tsv	mm10	released	ENCFF717NFD, ENCFF983UNY	https://encode-public.s3.amazonaws.com/2016/08/10/daea32cc-c5bf-48f7-9dfc-992280c8f0a5/ENCFF996EMC.tsv	8642304
ENCFF996YFF	ENCSR764OPZ	tsv	tsv	gene quantifications	RNA-seq	UBERON:0001891	midbrain	tissue	NA	ENCSR574CRQ	2020-06-08	ENCODE	ENCODE Processing Pipeline	14e7cf7a3c284e1f98681c99470864e8		/files/ENCFF996YFF/@@download/ENCFF996YFF.tsv	mm10	released	ENCFF717NFD, ENCFF027MVS	https://encode-public.s3.amazonaws.com/2016/08/04/cb12bc57-6208-4101-b2af-ead4d6a6173a/ENCFF996YFF.tsv	8648419
ENCFF997HBI	ENCSR648YEP	tsv	tsv	gene quantifications	RNA-seq	UBERON:0002107	liver	tissue	NA	ENCSR574CRQ	2020-06-08	ENCODE	ENCODE Processing Pipeline	d26f6f2f3dd06af6b0925063bc433632		/files/ENCFF997HBI/@@download/ENCFF997HBI.tsv	mm10	released	ENCFF717NFD, ENCFF122MVD	https://encode-public.s3.amazonaws.com/2016/08/10/13667373-abc8-4bc5-8e71-6942796059ca/ENCFF997HBI.tsv	8641615
